--------------------------------------------------------
--  File created - Saturday-June-06-2015   
--------------------------------------------------------
--------------------------------------------------------
--  DDL for Table LABELAUDITS
--------------------------------------------------------

  CREATE TABLE "VS_HENNEPIN_1112"."LABELAUDITS" 
   (	"LABELAUDITID" NUMBER, 
	"LABELEVENTMAPID" NUMBER, 
	"LABELSGENERATED" NUMBER, 
	"ACTIVITYDATE" DATE, 
	"AUDITUSER" VARCHAR2(50 BYTE)
   ) PCTFREE 10 PCTUSED 40 INITRANS 1 MAXTRANS 255 NOCOMPRESS LOGGING
  STORAGE(INITIAL 65536 NEXT 1048576 MINEXTENTS 1 MAXEXTENTS 2147483645
  PCTINCREASE 0 FREELISTS 1 FREELIST GROUPS 1 BUFFER_POOL DEFAULT)
  TABLESPACE "VEMACS_DATA" ;
--------------------------------------------------------
--  DDL for Table LABELEVENTMAP
--------------------------------------------------------

  CREATE TABLE "VS_HENNEPIN_1112"."LABELEVENTMAP" 
   (	"LABELEVENTMAPID" NUMBER, 
	"LABELEVENTID" NUMBER, 
	"LABELID" NUMBER, 
	"LABELCOUNT" NUMBER
   ) PCTFREE 10 PCTUSED 40 INITRANS 1 MAXTRANS 255 NOCOMPRESS LOGGING
  STORAGE(INITIAL 65536 NEXT 1048576 MINEXTENTS 1 MAXEXTENTS 2147483645
  PCTINCREASE 0 FREELISTS 1 FREELIST GROUPS 1 BUFFER_POOL DEFAULT)
  TABLESPACE "VEMACS_DATA" ;
--------------------------------------------------------
--  DDL for Table LABELEVENTS
--------------------------------------------------------

  CREATE TABLE "VS_HENNEPIN_1112"."LABELEVENTS" 
   (	"LABELEVENTID" NUMBER, 
	"EVENTNAME" VARCHAR2(50 BYTE)
   ) PCTFREE 10 PCTUSED 40 INITRANS 1 MAXTRANS 255 NOCOMPRESS LOGGING
  STORAGE(INITIAL 65536 NEXT 1048576 MINEXTENTS 1 MAXEXTENTS 2147483645
  PCTINCREASE 0 FREELISTS 1 FREELIST GROUPS 1 BUFFER_POOL DEFAULT)
  TABLESPACE "VEMACS_DATA" ;
--------------------------------------------------------
--  DDL for Table LABELLINES
--------------------------------------------------------

  CREATE TABLE "VS_HENNEPIN_1112"."LABELLINES" 
   (	"LABELLINEID" NUMBER, 
	"LABELID" NUMBER, 
	"LINETEXT" VARCHAR2(50 BYTE), 
	"LINENUMBER" NUMBER
   ) PCTFREE 10 PCTUSED 40 INITRANS 1 MAXTRANS 255 NOCOMPRESS LOGGING
  STORAGE(INITIAL 65536 NEXT 1048576 MINEXTENTS 1 MAXEXTENTS 2147483645
  PCTINCREASE 0 FREELISTS 1 FREELIST GROUPS 1 BUFFER_POOL DEFAULT)
  TABLESPACE "VEMACS_DATA" ;
--------------------------------------------------------
--  DDL for Table LABELS
--------------------------------------------------------

  CREATE TABLE "VS_HENNEPIN_1112"."LABELS" 
   (	"LABELID" NUMBER, 
	"LABELDESCRIPTION" VARCHAR2(50 BYTE), 
	"LABELNAME" VARCHAR2(50 BYTE), 
	"LABELFILE" BLOB, 
	"MAXLINES" NUMBER
   ) PCTFREE 10 PCTUSED 40 INITRANS 1 MAXTRANS 255 NOCOMPRESS LOGGING
  STORAGE(INITIAL 65536 NEXT 1048576 MINEXTENTS 1 MAXEXTENTS 2147483645
  PCTINCREASE 0 FREELISTS 1 FREELIST GROUPS 1 BUFFER_POOL DEFAULT)
  TABLESPACE "VEMACS_DATA" 
 LOB ("LABELFILE") STORE AS (
  TABLESPACE "VEMACS_DATA" ENABLE STORAGE IN ROW CHUNK 8192 PCTVERSION 10
  NOCACHE LOGGING 
  STORAGE(INITIAL 65536 NEXT 1048576 MINEXTENTS 1 MAXEXTENTS 2147483645
  PCTINCREASE 0 FREELISTS 1 FREELIST GROUPS 1 BUFFER_POOL DEFAULT)) ;
--------------------------------------------------------
--  DDL for Table LABELTOKENS
--------------------------------------------------------

  CREATE TABLE "VS_HENNEPIN_1112"."LABELTOKENS" 
   (	"LABELTOKENID" NUMBER, 
	"TOKENNAME" VARCHAR2(50 BYTE), 
	"TOKENVALUE" VARCHAR2(50 BYTE), 
	"LITERAL" NUMBER(1,0)
   ) PCTFREE 10 PCTUSED 40 INITRANS 1 MAXTRANS 255 NOCOMPRESS LOGGING
  STORAGE(INITIAL 65536 NEXT 1048576 MINEXTENTS 1 MAXEXTENTS 2147483645
  PCTINCREASE 0 FREELISTS 1 FREELIST GROUPS 1 BUFFER_POOL DEFAULT)
  TABLESPACE "VEMACS_DATA" ;
REM INSERTING into VS_HENNEPIN_1112.LABELAUDITS
SET DEFINE OFF;
REM INSERTING into VS_HENNEPIN_1112.LABELEVENTMAP
SET DEFINE OFF;
Insert into VS_HENNEPIN_1112.LABELEVENTMAP (LABELEVENTMAPID,LABELEVENTID,LABELID,LABELCOUNT) values (1,1,1,1);
Insert into VS_HENNEPIN_1112.LABELEVENTMAP (LABELEVENTMAPID,LABELEVENTID,LABELID,LABELCOUNT) values (2,1,2,1);
Insert into VS_HENNEPIN_1112.LABELEVENTMAP (LABELEVENTMAPID,LABELEVENTID,LABELID,LABELCOUNT) values (3,1,3,2);
REM INSERTING into VS_HENNEPIN_1112.LABELEVENTS
SET DEFINE OFF;
Insert into VS_HENNEPIN_1112.LABELEVENTS (LABELEVENTID,EVENTNAME) values (1,'Minnetonka All Labels');
REM INSERTING into VS_HENNEPIN_1112.LABELLINES
SET DEFINE OFF;
Insert into VS_HENNEPIN_1112.LABELLINES (LABELLINEID,LABELID,LINETEXT,LINENUMBER) values (1,1,'US Citizen: %5% 18ys: Y DOB: %10% ',1);
Insert into VS_HENNEPIN_1112.LABELLINES (LABELLINEID,LABELID,LINETEXT,LINENUMBER) values (2,1,'%12%',2);
Insert into VS_HENNEPIN_1112.LABELLINES (LABELLINEID,LABELID,LINETEXT,LINENUMBER) values (3,1,'%7%',3);
Insert into VS_HENNEPIN_1112.LABELLINES (LABELLINEID,LABELID,LINETEXT,LINENUMBER) values (4,1,'DL: %11% SS: %6%',4);
Insert into VS_HENNEPIN_1112.LABELLINES (LABELLINEID,LABELID,LINETEXT,LINENUMBER) values (5,1,'%15%',5);
Insert into VS_HENNEPIN_1112.LABELLINES (LABELLINEID,LABELID,LINETEXT,LINENUMBER) values (6,1,'%16%',6);
Insert into VS_HENNEPIN_1112.LABELLINES (LABELLINEID,LABELID,LINETEXT,LINENUMBER) values (7,1,'PCT: %8% SC: %9%',7);
Insert into VS_HENNEPIN_1112.LABELLINES (LABELLINEID,LABELID,LINETEXT,LINENUMBER) values (8,2,'%12%',1);
Insert into VS_HENNEPIN_1112.LABELLINES (LABELLINEID,LABELID,LINETEXT,LINENUMBER) values (9,2,'%75',2);
Insert into VS_HENNEPIN_1112.LABELLINES (LABELLINEID,LABELID,LINETEXT,LINENUMBER) values (10,2,'%10%',3);
Insert into VS_HENNEPIN_1112.LABELLINES (LABELLINEID,LABELID,LINETEXT,LINENUMBER) values (11,2,'VOTER ID: %13%',4);
Insert into VS_HENNEPIN_1112.LABELLINES (LABELLINEID,LABELID,LINETEXT,LINENUMBER) values (12,2,'PCT: %8% SC: %9%',5);
Insert into VS_HENNEPIN_1112.LABELLINES (LABELLINEID,LABELID,LINETEXT,LINENUMBER) values (13,2,'VRA: %14%',6);
Insert into VS_HENNEPIN_1112.LABELLINES (LABELLINEID,LABELID,LINETEXT,LINENUMBER) values (14,3,'**** CONFLICT RESOLVED ****',1);
Insert into VS_HENNEPIN_1112.LABELLINES (LABELLINEID,LABELID,LINETEXT,LINENUMBER) values (15,3,'%12%',2);
Insert into VS_HENNEPIN_1112.LABELLINES (LABELLINEID,LABELID,LINETEXT,LINENUMBER) values (16,3,'%75',3);
Insert into VS_HENNEPIN_1112.LABELLINES (LABELLINEID,LABELID,LINETEXT,LINENUMBER) values (17,3,'%10%',4);
Insert into VS_HENNEPIN_1112.LABELLINES (LABELLINEID,LABELID,LINETEXT,LINENUMBER) values (18,3,'VOTER ID: %13%',5);
Insert into VS_HENNEPIN_1112.LABELLINES (LABELLINEID,LABELID,LINETEXT,LINENUMBER) values (19,3,'PCT: %8% SC: %9%',6);
REM INSERTING into VS_HENNEPIN_1112.LABELS
SET DEFINE OFF;
Insert into VS_HENNEPIN_1112.LABELS (LABELID,LABELDESCRIPTION,LABELNAME,MAXLINES) values (1,'VRA Label','VRA Label',7);
Insert into VS_HENNEPIN_1112.LABELS (LABELID,LABELDESCRIPTION,LABELNAME,MAXLINES) values (2,'No Conflict','Regular Check In - No Conflict',6);
Insert into VS_HENNEPIN_1112.LABELS (LABELID,LABELDESCRIPTION,LABELNAME,MAXLINES) values (3,'Conflict','Regular Check In - Conflict',6);
REM INSERTING into VS_HENNEPIN_1112.LABELTOKENS
SET DEFINE OFF;
Insert into VS_HENNEPIN_1112.LABELTOKENS (LABELTOKENID,TOKENNAME,TOKENVALUE,LITERAL) values (1,'lbl_USCitizen','US Citizen:',1);
Insert into VS_HENNEPIN_1112.LABELTOKENS (LABELTOKENID,TOKENNAME,TOKENVALUE,LITERAL) values (2,'lbl_VoterID','VOTER ID:',1);
Insert into VS_HENNEPIN_1112.LABELTOKENS (LABELTOKENID,TOKENNAME,TOKENVALUE,LITERAL) values (3,'lbl_18yrs','18yrs:',1);
Insert into VS_HENNEPIN_1112.LABELTOKENS (LABELTOKENID,TOKENNAME,TOKENVALUE,LITERAL) values (4,'lbl_DOB','DOB: ',1);
Insert into VS_HENNEPIN_1112.LABELTOKENS (LABELTOKENID,TOKENNAME,TOKENVALUE,LITERAL) values (5,'tkn_USCitizen','usCitizen',0);
Insert into VS_HENNEPIN_1112.LABELTOKENS (LABELTOKENID,TOKENNAME,TOKENVALUE,LITERAL) values (6,'tkn_SSN','ssn4',0);
Insert into VS_HENNEPIN_1112.LABELTOKENS (LABELTOKENID,TOKENNAME,TOKENVALUE,LITERAL) values (7,'tkn_address','address',0);
Insert into VS_HENNEPIN_1112.LABELTOKENS (LABELTOKENID,TOKENNAME,TOKENVALUE,LITERAL) values (8,'tkn_precinctPortionCode','precinctPortionCode',0);
Insert into VS_HENNEPIN_1112.LABELTOKENS (LABELTOKENID,TOKENNAME,TOKENVALUE,LITERAL) values (9,'tkn_schoolDistrict','schoolDistrict',0);
Insert into VS_HENNEPIN_1112.LABELTOKENS (LABELTOKENID,TOKENNAME,TOKENVALUE,LITERAL) values (10,'tkn_birthDate','birthDate',0);
Insert into VS_HENNEPIN_1112.LABELTOKENS (LABELTOKENID,TOKENNAME,TOKENVALUE,LITERAL) values (11,'tkn_dlNum','dlNum',0);
Insert into VS_HENNEPIN_1112.LABELTOKENS (LABELTOKENID,TOKENNAME,TOKENVALUE,LITERAL) values (12,'tkn_fullName','fullName',0);
Insert into VS_HENNEPIN_1112.LABELTOKENS (LABELTOKENID,TOKENNAME,TOKENVALUE,LITERAL) values (13,'tkn_voterID','voterID',0);
Insert into VS_HENNEPIN_1112.LABELTOKENS (LABELTOKENID,TOKENNAME,TOKENVALUE,LITERAL) values (14,'tkn_VRA','VRA',0);
Insert into VS_HENNEPIN_1112.LABELTOKENS (LABELTOKENID,TOKENNAME,TOKENVALUE,LITERAL) values (15,'tkn_otherName','otherName',0);
Insert into VS_HENNEPIN_1112.LABELTOKENS (LABELTOKENID,TOKENNAME,TOKENVALUE,LITERAL) values (16,'tkn_otherValue','otherValue',0);
--------------------------------------------------------
--  DDL for Index SYS_C006608
--------------------------------------------------------

  CREATE UNIQUE INDEX "VS_HENNEPIN_1112"."SYS_C006608" ON "VS_HENNEPIN_1112"."LABELAUDITS" ("LABELAUDITID") 
  PCTFREE 10 INITRANS 2 MAXTRANS 255 COMPUTE STATISTICS 
  STORAGE(INITIAL 65536 NEXT 1048576 MINEXTENTS 1 MAXEXTENTS 2147483645
  PCTINCREASE 0 FREELISTS 1 FREELIST GROUPS 1 BUFFER_POOL DEFAULT)
  TABLESPACE "VEMACS_DATA" ;
--------------------------------------------------------
--  DDL for Index SYS_C006605
--------------------------------------------------------

  CREATE UNIQUE INDEX "VS_HENNEPIN_1112"."SYS_C006605" ON "VS_HENNEPIN_1112"."LABELEVENTMAP" ("LABELEVENTMAPID") 
  PCTFREE 10 INITRANS 2 MAXTRANS 255 COMPUTE STATISTICS 
  STORAGE(INITIAL 65536 NEXT 1048576 MINEXTENTS 1 MAXEXTENTS 2147483645
  PCTINCREASE 0 FREELISTS 1 FREELIST GROUPS 1 BUFFER_POOL DEFAULT)
  TABLESPACE "VEMACS_DATA" ;
--------------------------------------------------------
--  DDL for Index SYS_C006604
--------------------------------------------------------

  CREATE UNIQUE INDEX "VS_HENNEPIN_1112"."SYS_C006604" ON "VS_HENNEPIN_1112"."LABELEVENTS" ("LABELEVENTID") 
  PCTFREE 10 INITRANS 2 MAXTRANS 255 COMPUTE STATISTICS 
  STORAGE(INITIAL 65536 NEXT 1048576 MINEXTENTS 1 MAXEXTENTS 2147483645
  PCTINCREASE 0 FREELISTS 1 FREELIST GROUPS 1 BUFFER_POOL DEFAULT)
  TABLESPACE "VEMACS_DATA" ;
--------------------------------------------------------
--  DDL for Index SYS_C006609
--------------------------------------------------------

  CREATE UNIQUE INDEX "VS_HENNEPIN_1112"."SYS_C006609" ON "VS_HENNEPIN_1112"."LABELLINES" ("LABELLINEID") 
  PCTFREE 10 INITRANS 2 MAXTRANS 255 COMPUTE STATISTICS 
  STORAGE(INITIAL 65536 NEXT 1048576 MINEXTENTS 1 MAXEXTENTS 2147483645
  PCTINCREASE 0 FREELISTS 1 FREELIST GROUPS 1 BUFFER_POOL DEFAULT)
  TABLESPACE "VEMACS_DATA" ;
--------------------------------------------------------
--  DDL for Index SYS_C006589
--------------------------------------------------------

  CREATE UNIQUE INDEX "VS_HENNEPIN_1112"."SYS_C006589" ON "VS_HENNEPIN_1112"."LABELS" ("LABELID") 
  PCTFREE 10 INITRANS 2 MAXTRANS 255 COMPUTE STATISTICS 
  STORAGE(INITIAL 65536 NEXT 1048576 MINEXTENTS 1 MAXEXTENTS 2147483645
  PCTINCREASE 0 FREELISTS 1 FREELIST GROUPS 1 BUFFER_POOL DEFAULT)
  TABLESPACE "VEMACS_DATA" ;
--------------------------------------------------------
--  DDL for Index SYS_C006610
--------------------------------------------------------

  CREATE UNIQUE INDEX "VS_HENNEPIN_1112"."SYS_C006610" ON "VS_HENNEPIN_1112"."LABELTOKENS" ("LABELTOKENID") 
  PCTFREE 10 INITRANS 2 MAXTRANS 255 COMPUTE STATISTICS 
  STORAGE(INITIAL 65536 NEXT 1048576 MINEXTENTS 1 MAXEXTENTS 2147483645
  PCTINCREASE 0 FREELISTS 1 FREELIST GROUPS 1 BUFFER_POOL DEFAULT)
  TABLESPACE "VEMACS_DATA" ;
--------------------------------------------------------
--  Constraints for Table LABELAUDITS
--------------------------------------------------------

  ALTER TABLE "VS_HENNEPIN_1112"."LABELAUDITS" ADD PRIMARY KEY ("LABELAUDITID")
  USING INDEX PCTFREE 10 INITRANS 2 MAXTRANS 255 COMPUTE STATISTICS 
  STORAGE(INITIAL 65536 NEXT 1048576 MINEXTENTS 1 MAXEXTENTS 2147483645
  PCTINCREASE 0 FREELISTS 1 FREELIST GROUPS 1 BUFFER_POOL DEFAULT)
  TABLESPACE "VEMACS_DATA"  ENABLE;
--------------------------------------------------------
--  Constraints for Table LABELEVENTMAP
--------------------------------------------------------

  ALTER TABLE "VS_HENNEPIN_1112"."LABELEVENTMAP" ADD PRIMARY KEY ("LABELEVENTMAPID")
  USING INDEX PCTFREE 10 INITRANS 2 MAXTRANS 255 COMPUTE STATISTICS 
  STORAGE(INITIAL 65536 NEXT 1048576 MINEXTENTS 1 MAXEXTENTS 2147483645
  PCTINCREASE 0 FREELISTS 1 FREELIST GROUPS 1 BUFFER_POOL DEFAULT)
  TABLESPACE "VEMACS_DATA"  ENABLE;
--------------------------------------------------------
--  Constraints for Table LABELEVENTS
--------------------------------------------------------

  ALTER TABLE "VS_HENNEPIN_1112"."LABELEVENTS" ADD PRIMARY KEY ("LABELEVENTID")
  USING INDEX PCTFREE 10 INITRANS 2 MAXTRANS 255 COMPUTE STATISTICS 
  STORAGE(INITIAL 65536 NEXT 1048576 MINEXTENTS 1 MAXEXTENTS 2147483645
  PCTINCREASE 0 FREELISTS 1 FREELIST GROUPS 1 BUFFER_POOL DEFAULT)
  TABLESPACE "VEMACS_DATA"  ENABLE;
--------------------------------------------------------
--  Constraints for Table LABELLINES
--------------------------------------------------------

  ALTER TABLE "VS_HENNEPIN_1112"."LABELLINES" ADD PRIMARY KEY ("LABELLINEID")
  USING INDEX PCTFREE 10 INITRANS 2 MAXTRANS 255 COMPUTE STATISTICS 
  STORAGE(INITIAL 65536 NEXT 1048576 MINEXTENTS 1 MAXEXTENTS 2147483645
  PCTINCREASE 0 FREELISTS 1 FREELIST GROUPS 1 BUFFER_POOL DEFAULT)
  TABLESPACE "VEMACS_DATA"  ENABLE;
--------------------------------------------------------
--  Constraints for Table LABELS
--------------------------------------------------------

  ALTER TABLE "VS_HENNEPIN_1112"."LABELS" ADD PRIMARY KEY ("LABELID")
  USING INDEX PCTFREE 10 INITRANS 2 MAXTRANS 255 COMPUTE STATISTICS 
  STORAGE(INITIAL 65536 NEXT 1048576 MINEXTENTS 1 MAXEXTENTS 2147483645
  PCTINCREASE 0 FREELISTS 1 FREELIST GROUPS 1 BUFFER_POOL DEFAULT)
  TABLESPACE "VEMACS_DATA"  ENABLE;
--------------------------------------------------------
--  Constraints for Table LABELTOKENS
--------------------------------------------------------

  ALTER TABLE "VS_HENNEPIN_1112"."LABELTOKENS" ADD PRIMARY KEY ("LABELTOKENID")
  USING INDEX PCTFREE 10 INITRANS 2 MAXTRANS 255 COMPUTE STATISTICS 
  STORAGE(INITIAL 65536 NEXT 1048576 MINEXTENTS 1 MAXEXTENTS 2147483645
  PCTINCREASE 0 FREELISTS 1 FREELIST GROUPS 1 BUFFER_POOL DEFAULT)
  TABLESPACE "VEMACS_DATA"  ENABLE;
